<?xml version="1.0" encoding="UTF-8" standalone="yes"?>
<manifest>
  <control namespace="TestNamespace" constructor="MultiLineInputComponent" version="1.0.1" display-name-key="MultiLineInputComponent" description-key="MultiLineInputComponent description" control-type="standard" api-version="1.2.3">
    <property name="fieldControl" display-name-key="PropertyMultilineField_Display_Key" description-key="PropertyMultilineField_Desc_Key" of-type="Multiple" usage="bound" required="true"/>
    <resources>
      <code path="bundle.js" order="1"/>
      <css path="quill.snow.css" order="1"/>
      <css path="css/MultiLineInputComponent.css" order="1"/>
    </resources>
    <built-by name="pac" version="1.3.6"/>
  </control>
</manifest>